{
  "insertion": {
    "sizes": [
      10,
      10,
      10,
      50,
      50,
      50,
      100,
      100,
      100,
      500,
      500,
      500,
      1000,
      1000,
      1000,
      2000,
      2000,
      2000,
      5000,
      5000,
      5000,
      7500,
      7500,
      7500,
      10000,
      10000,
      10000
    ],
    "times": [
      0.00011006370186805725,
      2.6151537895202637e-05,
      2.2314488887786865e-05,
      0.00020366907119750977,
      0.00017983652651309967,
      0.00013710558414459229,
      0.0002572406083345413,
      0.00033733993768692017,
      0.00024106912314891815,
      0.0014712661504745483,
      0.0020919162780046463,
      0.0016317684203386307,
      0.0029169637709856033,
      0.004826081916689873,
      0.0028914958238601685,
      0.006041482090950012,
      0.010453850030899048,
      0.006318503990769386,
      0.02893245592713356,
      0.026929164305329323,
      0.016453435644507408,
      0.02604200504720211,
      0.050094179809093475,
      0.024934256449341774,
      0.04674209654331207,
      0.05609091743826866,
      0.046681180596351624
    ],
    "avg_times": [
      1.1006370186805725e-05,
      2.6151537895202637e-06,
      2.2314488887786865e-06,
      4.0733814239501955e-06,
      3.5967305302619934e-06,
      2.742111682891846e-06,
      2.572406083345413e-06,
      3.3733993768692015e-06,
      2.4106912314891816e-06,
      2.9425323009490967e-06,
      4.183832556009292e-06,
      3.2635368406772613e-06,
      2.916963770985603e-06,
      4.826081916689873e-06,
      2.8914958238601683e-06,
      3.020741045475006e-06,
      5.226925015449524e-06,
      3.159251995384693e-06,
      5.7864911854267124e-06,
      5.385832861065864e-06,
      3.2906871289014815e-06,
      3.472267339626948e-06,
      6.679223974545797e-06,
      3.324567526578903e-06,
      4.674209654331207e-06,
      5.609091743826866e-06,
      4.668118059635163e-06
    ]
  },
  "search": {
    "sizes": [
      10,
      50,
      100,
      500,
      1000,
      2000,
      5000,
      7500,
      10000
    ],
    "times": [
      2.0364299416542053e-05,
      7.564574480056763e-05,
      0.0001401994377374649,
      0.00015138648450374603,
      0.00016377121210098267,
      0.00018458068370819092,
      0.00019050948321819305,
      0.00019926950335502625,
      0.00020375661551952362
    ],
    "avg_times": [
      2.0364299416542052e-06,
      1.5129148960113526e-06,
      1.4019943773746491e-06,
      1.5138648450374603e-06,
      1.6377121210098267e-06,
      1.8458068370819092e-06,
      1.9050948321819305e-06,
      1.9926950335502623e-06,
      2.0375661551952364e-06
    ]
  },
  "prefix_search": {
    "sizes": [
      10,
      50,
      100,
      500,
      1000,
      2000,
      5000,
      7500,
      10000
    ],
    "times": [
      2.781301736831665e-05,
      5.891360342502594e-05,
      9.537674486637115e-05,
      0.0004527457058429718,
      0.0008618682622909546,
      0.0018173959106206894,
      0.004422709345817566,
      0.00661090761423111,
      0.00910118967294693
    ],
    "avg_times": [
      3.4766271710395813e-06,
      7.3642004281282425e-06,
      1.1922093108296394e-05,
      5.6593213230371475e-05,
      0.00010773353278636932,
      0.00022717448882758617,
      0.0005528386682271957,
      0.0008263634517788887,
      0.0011376487091183662
    ]
  },
  "memory": {
    "sizes": [
      10,
      50,
      100,
      500,
      1000,
      2000,
      5000,
      7500,
      10000
    ],
    "node_counts": [
      72,
      266,
      551,
      2598,
      5114,
      9636,
      22592,
      33045,
      43748
    ]
  }
}