{
  "insertion": {
    "sizes": [
      10,
      10,
      10,
      50,
      50,
      50,
      100,
      100,
      100,
      500,
      500,
      500,
      1000,
      1000,
      1000,
      2000,
      2000,
      2000,
      5000,
      5000,
      5000,
      10000,
      10000,
      10000,
      15000,
      15000,
      15000,
      25000,
      25000,
      25000,
      35000,
      35000,
      35000,
      50000,
      50000,
      50000
    ],
    "times": [
      5.657970905303955e-05,
      3.079138696193695e-05,
      2.8714537620544434e-05,
      0.001024533063173294,
      0.00019473955035209656,
      0.00017465464770793915,
      0.0003095269203186035,
      0.0003892481327056885,
      0.00030696019530296326,
      0.003349628299474716,
      0.002258533611893654,
      0.0016873832792043686,
      0.0035689305514097214,
      0.004809591919183731,
      0.0034478846937417984,
      0.008086800575256348,
      0.010368162766098976,
      0.007245279848575592,
      0.046076806262135506,
      0.027836959809064865,
      0.021048715338110924,
      0.04313439130783081,
      0.07726907543838024,
      0.04424669407308102,
      0.09308262169361115,
      0.1186725627630949,
      0.06745246611535549,
      0.14576922357082367,
      0.17526417411863804,
      0.1512724682688713,
      0.20934714190661907,
      0.23930384032428265,
      0.2023621667176485,
      0.3444581050425768,
      0.33552804030478,
      0.27206285670399666
    ],
    "avg_times": [
      5.657970905303955e-06,
      3.079138696193695e-06,
      2.871453762054443e-06,
      2.049066126346588e-05,
      3.894791007041931e-06,
      3.493092954158783e-06,
      3.095269203186035e-06,
      3.892481327056885e-06,
      3.0696019530296326e-06,
      6.699256598949432e-06,
      4.5170672237873075e-06,
      3.3747665584087373e-06,
      3.5689305514097215e-06,
      4.809591919183731e-06,
      3.4478846937417983e-06,
      4.043400287628174e-06,
      5.184081383049488e-06,
      3.622639924287796e-06,
      9.2153612524271e-06,
      5.567391961812973e-06,
      4.209743067622185e-06,
      4.3134391307830815e-06,
      7.726907543838024e-06,
      4.424669407308101e-06,
      6.205508112907409e-06,
      7.911504184206327e-06,
      4.496831074357033e-06,
      5.830768942832947e-06,
      7.010566964745521e-06,
      6.050898730754852e-06,
      5.981346911617688e-06,
      6.8372525806937895e-06,
      5.7817761919328145e-06,
      6.889162100851536e-06,
      6.7105608060956005e-06,
      5.441257134079933e-06
    ]
  },
  "search": {
    "sizes": [
      10,
      50,
      100,
      500,
      1000,
      2000,
      5000,
      10000,
      15000,
      25000,
      35000,
      50000
    ],
    "times": [
      2.956204116344452e-05,
      8.281134068965912e-05,
      0.0001760479062795639,
      0.00019145384430885315,
      0.00020261667668819427,
      0.00026934221386909485,
      0.00031494535505771637,
      0.0006750449538230896,
      0.0010326113551855087,
      0.0017937999218702316,
      0.0023632943630218506,
      0.003458520397543907
    ],
    "avg_times": [
      2.9562041163444517e-06,
      1.6562268137931823e-06,
      1.760479062795639e-06,
      1.9145384430885313e-06,
      2.0261667668819427e-06,
      2.6934221386909485e-06,
      3.1494535505771635e-06,
      3.375224769115448e-06,
      3.4420378506183625e-06,
      3.587599843740463e-06,
      3.3761348043169294e-06,
      3.458520397543907e-06
    ]
  },
  "prefix_search": {
    "sizes": [
      10,
      50,
      100,
      500,
      1000,
      2000,
      5000,
      10000,
      15000,
      25000,
      35000,
      50000
    ],
    "times": [
      3.44887375831604e-05,
      0.0001043323427438736,
      0.00016929954290390015,
      0.0006730258464813232,
      0.0012026354670524597,
      0.002482134848833084,
      0.0014809034764766693,
      0.002469003200531006,
      0.0006540399044752121,
      0.0022204332053661346,
      0.0025059878826141357,
      0.002466535195708275
    ],
    "avg_times": [
      6.89774751663208e-06,
      1.1592482527097067e-05,
      1.6929954290390016e-05,
      6.730258464813233e-05,
      0.00012026354670524597,
      0.0002482134848833084,
      0.00037022586911916733,
      0.0008230010668436686,
      0.00021801330149173737,
      0.0007401444017887115,
      0.0008353292942047119,
      0.000822178398569425
    ]
  },
  "memory": {
    "sizes": [
      10,
      50,
      100,
      500,
      1000,
      2000,
      5000,
      10000,
      15000,
      25000,
      35000,
      50000
    ],
    "node_counts": [
      84,
      365,
      704,
      3144,
      5978,
      11003,
      24047,
      41772,
      56615,
      82549,
      103787,
      131058
    ]
  }
}