{
  "insertion": {
    "sizes": [
      10,
      10,
      10,
      50,
      50,
      50,
      100,
      100,
      100,
      500,
      500,
      500,
      1000,
      1000,
      1000,
      2000,
      2000,
      2000,
      5000,
      5000,
      5000,
      10000,
      10000,
      10000,
      15000,
      15000,
      15000,
      25000,
      25000,
      25000,
      35000,
      35000,
      35000,
      50000,
      50000,
      50000
    ],
    "times": [
      4.858523607254028e-05,
      2.6883557438850403e-05,
      2.46390700340271e-05,
      0.00026087649166584015,
      0.00017201527953147888,
      0.0001254696398973465,
      0.0002799481153488159,
      0.00038046203553676605,
      0.00025057606399059296,
      0.0024972036480903625,
      0.0022650081664323807,
      0.0014692507684230804,
      0.003693375736474991,
      0.005329778417944908,
      0.003451654687523842,
      0.007757043465971947,
      0.011300748214125633,
      0.006693558767437935,
      0.020566601306200027,
      0.053109508007764816,
      0.020918387919664383,
      0.04676136001944542,
      0.08942149206995964,
      0.04454781860113144,
      0.0971485897898674,
      0.1353302951902151,
      0.06923898123204708,
      0.15564892999827862,
      0.20112454891204834,
      0.1911742500960827,
      0.23380732350051403,
      0.3477298244833946,
      0.23072822205722332,
      0.3706669360399246,
      0.461107624694705,
      0.34555300511419773
    ],
    "avg_times": [
      4.8585236072540285e-06,
      2.68835574388504e-06,
      2.46390700340271e-06,
      5.217529833316803e-06,
      3.4403055906295776e-06,
      2.50939279794693e-06,
      2.7994811534881592e-06,
      3.8046203553676604e-06,
      2.5057606399059295e-06,
      4.994407296180725e-06,
      4.5300163328647615e-06,
      2.938501536846161e-06,
      3.693375736474991e-06,
      5.329778417944908e-06,
      3.451654687523842e-06,
      3.878521732985973e-06,
      5.650374107062816e-06,
      3.3467793837189676e-06,
      4.113320261240006e-06,
      1.0621901601552964e-05,
      4.183677583932876e-06,
      4.676136001944542e-06,
      8.942149206995965e-06,
      4.454781860113144e-06,
      6.476572652657826e-06,
      9.022019679347674e-06,
      4.615932082136472e-06,
      6.225957199931145e-06,
      8.044981956481933e-06,
      7.646970003843308e-06,
      6.680209242871829e-06,
      9.935137842382703e-06,
      6.592234915920666e-06,
      7.4133387207984925e-06,
      9.2221524938941e-06,
      6.911060102283954e-06
    ]
  },
  "search": {
    "sizes": [
      10,
      50,
      100,
      500,
      1000,
      2000,
      5000,
      10000,
      15000,
      25000,
      35000,
      50000
    ],
    "times": [
      2.6628375053405762e-05,
      7.575564086437225e-05,
      0.00015370361506938934,
      0.00016363337635993958,
      0.0001778881996870041,
      0.00018652714788913727,
      0.00027425214648246765,
      0.0006821006536483765,
      0.0009831488132476807,
      0.0017082951962947845,
      0.002446826547384262,
      0.003602107986807823
    ],
    "avg_times": [
      2.662837505340576e-06,
      1.515112817287445e-06,
      1.5370361506938935e-06,
      1.6363337635993958e-06,
      1.7788819968700408e-06,
      1.8652714788913726e-06,
      2.7425214648246767e-06,
      3.4105032682418823e-06,
      3.2771627108256024e-06,
      3.416590392589569e-06,
      3.4954664962632314e-06,
      3.602107986807823e-06
    ]
  },
  "prefix_search": {
    "sizes": [
      10,
      50,
      100,
      500,
      1000,
      2000,
      5000,
      10000,
      15000,
      25000,
      35000,
      50000
    ],
    "times": [
      3.110244870185852e-05,
      5.974993109703064e-05,
      0.00011220388114452362,
      0.0004569645971059799,
      0.0009730346500873566,
      0.0019519496709108353,
      0.004196396097540855,
      0.008904259651899338,
      0.014146078377962112,
      0.023374944925308228,
      0.032466987147927284,
      0.045759644359350204
    ],
    "avg_times": [
      3.887806087732315e-06,
      7.46874138712883e-06,
      1.4025485143065453e-05,
      5.712057463824749e-05,
      0.00012162933126091957,
      0.0002439937088638544,
      0.000839279219508171,
      0.0017808519303798675,
      0.0028292156755924227,
      0.004674988985061646,
      0.006493397429585457,
      0.009151928871870042
    ]
  },
  "memory": {
    "sizes": [
      10,
      50,
      100,
      500,
      1000,
      2000,
      5000,
      10000,
      15000,
      25000,
      35000,
      50000
    ],
    "node_counts": [
      66,
      298,
      566,
      2611,
      5061,
      9402,
      22835,
      43539,
      63707,
      102391,
      139386,
      193784
    ]
  }
}